{
  "travel_co2e": 0.0,
  "energy_co2e": 0.0,
  "diet_co2e": 12.399999999999999,
  "goods_co2e": 0.0,
  "total_co2e": 12.399999999999999
}